{
  "version": "1.0.0",
  "saved_at": "2025-11-30T12:01:58.278590Z",
  "best_params": {
    "clf__C": 0.1,
    "clf__max_iter": 500
  },
  "best_cv_accuracy": 0.2,
  "test_accuracy": 0.3333333333333333
}